VendorID,tpep_pickup_datetime,tpep_dropoff_datetime,passenger_count,trip_distance,RatecodeID,store_and_fwd_flag,PULocationID,DOLocationID,payment_type,fare_amount,extra,mta_tax,tip_amount,tolls_amount,improvement_surcharge,total_amount,congestion_surcharge
1,2022-01-01 00:35:40,2022-01-01 00:53:29,2.0,3.8,1.0,N,142,236,1,14.5,3.0,0.5,3.65,0.0,0.3,21.95,2.5
1,2022-01-01 00:33:43,2022-01-01 00:42:07,1.0,2.1,1.0,N,236,42,1,8.0,0.5,0.5,4.0,0.0,0.3,13.3,0.0
2,2022-01-01 00:53:21,2022-01-01 01:02:19,1.0,0.97,1.0,N,166,166,1,7.5,0.5,0.5,1.76,0.0,0.3,10.56,0.0
2,2022-01-01 00:25:21,2022-01-01 00:35:23,1.0,1.09,1.0,N,114,68,2,8.0,0.5,0.5,0.0,0.0,0.3,11.8,2.5
2,2022-01-01 00:36:48,2022-01-01 01:14:20,1.0,4.3,1.0,N,68,163,1,23.5,0.5,0.5,3.0,0.0,0.3,30.3,2.5
1,2022-01-01 00:40:15,2022-01-01 01:09:48,1.0,10.3,1.0,N,138,161,1,33.0,3.0,0.5,13.0,6.55,0.3,56.35,2.5
2,2022-01-01 00:20:50,2022-01-01 00:34:58,1.0,5.07,1.0,N,233,87,1,17.0,0.5,0.5,5.2,0.0,0.3,26.0,2.5
2,2022-01-01 00:13:04,2022-01-01 00:22:45,1.0,2.02,1.0,N,238,152,2,9.0,0.5,0.5,0.0,0.0,0.3,12.8,2.5
2,2022-01-01 00:30:02,2022-01-01 00:44:49,1.0,2.71,1.0,N,166,236,1,12.0,0.5,0.5,2.25,0.0,0.3,18.05,2.5
2,2022-01-01 00:48:52,2022-01-01 00:53:28,1.0,0.78,1.0,N,236,141,2,5.0,0.5,0.5,0.0,0.0,0.3,8.8,2.5
2,2022-01-01 00:55:03,2022-01-01 01:04:25,1.0,1.91,1.0,N,141,229,2,8.5,0.5,0.5,0.0,0.0,0.3,12.3,2.5
2,2022-01-01 00:31:06,2022-01-01 00:34:14,3.0,0.82,1.0,N,114,90,2,4.5,0.5,0.5,0.0,0.0,0.3,8.3,2.5
2,2022-01-01 00:41:07,2022-01-01 00:44:46,3.0,0.73,1.0,N,234,113,2,4.5,0.5,0.5,0.0,0.0,0.3,8.3,2.5
2,2022-01-01 00:56:34,2022-01-01 01:12:04,2.0,2.16,1.0,N,246,79,1,11.5,0.5,0.5,3.06,0.0,0.3,18.36,2.5
2,2022-01-01 00:39:46,2022-01-01 00:47:36,4.0,1.43,1.0,N,43,140,1,7.5,0.5,0.5,2.26,0.0,0.3,13.56,2.5
2,2022-01-01 00:58:06,2022-01-01 01:05:45,1.0,1.58,1.0,N,239,151,2,8.0,0.5,0.5,0.0,0.0,0.3,11.8,2.5
1,2022-01-01 00:33:52,2022-01-01 00:47:28,3.0,4.2,1.0,N,148,141,1,14.0,2.5,0.5,3.45,0.0,0.3,20.75,2.5
1,2022-01-01 00:53:54,2022-01-01 01:05:20,2.0,2.2,1.0,N,237,107,1,9.5,2.5,0.5,2.55,0.0,0.3,15.35,2.5
1,2022-01-01 00:00:44,2022-01-01 00:05:29,1.0,0.2,1.0,N,7,7,2,5.0,0.5,0.5,0.0,0.0,0.3,6.3,0.0
1,2022-01-01 00:35:50,2022-01-01 00:48:33,2.0,3.9,1.0,N,107,263,1,13.0,3.0,0.5,3.35,0.0,0.3,20.15,2.5
1,2022-01-01 00:49:14,2022-01-01 00:58:29,2.0,3.2,1.0,N,263,107,1,11.0,3.0,0.5,2.95,0.0,0.3,17.75,2.5
1,2022-01-01 00:06:10,2022-01-01 00:08:58,1.0,0.0,1.0,N,161,161,4,2.5,3.0,0.5,0.0,0.0,0.3,6.3,2.5
1,2022-01-01 00:09:01,2022-01-01 00:17:15,1.0,1.2,1.0,N,161,43,1,7.0,3.0,0.5,2.15,0.0,0.3,12.95,2.5
1,2022-01-01 00:30:06,2022-01-01 00:38:11,1.0,1.7,1.0,N,239,24,1,7.0,3.0,0.5,3.25,0.0,0.3,14.05,2.5
1,2022-01-01 00:46:41,2022-01-01 00:57:53,1.0,1.6,1.0,N,239,263,1,8.0,3.0,0.5,2.35,0.0,0.3,14.15,2.5
2,2022-01-01 00:14:00,2022-01-01 00:35:24,5.0,2.48,1.0,N,246,233,1,14.0,0.5,0.5,5.34,0.0,0.3,23.14,2.5
2,2022-01-01 00:46:09,2022-01-01 01:08:06,6.0,5.95,1.0,N,79,238,1,20.0,0.5,0.5,4.76,0.0,0.3,28.56,2.5
1,2022-01-01 00:52:53,2022-01-01 01:05:26,2.0,4.0,1.0,N,170,238,2,13.0,3.0,0.5,0.0,0.0,0.3,16.8,2.5
2,2022-01-01 18:04:06,2022-01-01 18:40:52,1.0,9.7,1.0,N,138,48,1,34.5,0.5,0.5,9.22,6.55,0.3,55.32,2.5
1,2022-01-01 00:23:54,2022-01-01 00:28:42,2.0,0.8,1.0,N,237,237,4,5.5,3.0,0.5,0.0,0.0,0.3,9.3,2.5
1,2022-01-01 00:59:06,2022-01-01 01:12:57,2.0,3.8,1.0,Y,233,238,2,13.5,3.0,0.5,0.0,0.0,0.3,17.3,2.5
2,2022-01-01 00:15:37,2022-01-01 00:31:13,2.0,3.07,1.0,N,162,249,1,13.0,0.5,0.5,3.36,0.0,0.3,20.16,2.5
2,2022-01-01 00:40:18,2022-01-01 01:02:50,3.0,2.79,1.0,N,114,186,1,15.5,0.5,0.5,2.9,0.0,0.3,22.2,2.5
2,2022-01-01 00:17:55,2022-01-01 00:27:45,1.0,4.22,1.0,N,138,92,2,14.0,0.5,0.5,0.0,0.0,0.3,16.55,0.0
2,2022-01-01 00:55:48,2022-01-01 01:14:24,1.0,6.67,1.0,N,138,229,1,21.0,0.5,0.5,15.0,0.0,0.3,41.05,2.5
2,2022-01-01 00:12:00,2022-01-01 00:22:47,1.0,5.18,1.0,N,4,262,1,16.0,0.5,0.5,0.0,0.0,0.3,19.8,2.5
2,2022-01-01 00:26:04,2022-01-01 00:44:54,1.0,5.03,1.0,N,262,249,1,18.5,0.5,0.5,6.69,0.0,0.3,28.99,2.5
2,2022-01-01 00:50:07,2022-01-01 00:55:44,1.0,1.05,1.0,N,249,90,1,6.0,0.5,0.5,1.96,0.0,0.3,11.76,2.5
1,2022-01-01 00:10:27,2022-01-01 00:41:59,1.0,17.1,2.0,N,132,170,1,52.0,3.75,0.5,15.75,6.55,0.3,78.85,2.5
1,2022-01-01 00:45:45,2022-01-01 01:01:45,1.0,4.8,1.0,N,170,74,2,16.5,3.0,0.5,0.0,0.0,0.3,20.3,2.5
2,2022-01-01 00:50:27,2022-01-01 00:59:28,1.0,2.66,1.0,N,132,10,2,10.0,0.5,0.5,0.0,0.0,0.3,12.55,0.0
2,2022-01-01 00:31:06,2022-01-01 00:58:26,3.0,19.14,2.0,N,132,263,1,52.0,0.0,0.5,12.37,6.55,0.3,75.47,2.5
2,2022-01-01 00:42:45,2022-01-01 00:56:15,2.0,6.49,1.0,N,138,112,1,19.5,0.5,0.5,6.62,0.0,0.3,28.67,0.0
2,2022-01-01 00:09:28,2022-01-01 00:14:42,5.0,1.43,1.0,N,137,4,2,6.5,0.5,0.5,0.0,0.0,0.3,10.3,2.5
2,2022-01-01 00:23:40,2022-01-01 00:30:14,5.0,1.27,1.0,N,79,249,1,7.0,0.5,0.5,2.16,0.0,0.3,12.96,2.5
2,2022-01-01 00:55:13,2022-01-01 01:04:56,4.0,2.07,1.0,N,90,45,2,9.0,0.5,0.5,0.0,0.0,0.3,12.8,2.5
2,2022-01-01 01:06:32,2022-01-01 01:29:25,4.0,4.9,1.0,N,45,141,1,18.0,0.5,0.5,2.0,0.0,0.3,23.8,2.5
2,2022-01-01 00:37:15,2022-01-01 00:52:51,2.0,7.87,1.0,N,70,236,1,23.5,0.5,0.5,5.08,6.55,0.3,38.93,2.5
2,2022-01-01 00:56:26,2022-01-01 01:25:09,1.0,18.81,2.0,N,132,148,1,52.0,0.0,0.5,11.31,0.0,0.3,67.86,2.5
1,2022-01-01 00:33:42,2022-01-01 01:01:49,1.0,19.5,1.0,N,132,47,1,52.0,1.75,0.5,0.0,6.55,0.3,61.1,0.0
1,2022-01-01 00:19:52,2022-01-01 00:26:57,2.0,0.4,1.0,N,48,48,2,6.0,3.0,0.5,0.0,0.0,0.3,9.8,2.5
1,2022-01-01 00:30:20,2022-01-01 00:52:10,1.0,2.7,1.0,N,48,79,1,15.0,3.0,0.5,3.75,0.0,0.3,22.55,2.5
1,2022-01-01 00:58:11,2022-01-01 01:10:02,4.0,4.4,1.0,N,107,87,1,14.5,3.0,0.5,3.65,0.0,0.3,21.95,2.5
1,2022-01-01 00:50:22,2022-01-01 01:07:20,1.0,4.3,1.0,Y,90,262,1,15.0,3.0,0.5,3.75,0.0,0.3,22.55,2.5
1,2022-01-01 00:21:01,2022-01-01 00:25:53,2.0,1.9,1.0,N,137,140,1,7.0,3.0,0.5,1.0,0.0,0.3,11.8,2.5
1,2022-01-01 00:43:49,2022-01-01 01:03:06,3.0,2.3,1.0,N,161,79,3,13.5,3.0,0.5,0.0,0.0,0.3,17.3,2.5
2,2022-01-01 00:33:50,2022-01-01 00:52:14,1.0,4.62,1.0,N,68,238,1,17.0,0.5,0.5,4.16,0.0,0.3,24.96,2.5
2,2022-01-01 00:15:42,2022-01-01 00:20:33,2.0,1.33,1.0,N,263,140,1,6.0,0.5,0.5,1.96,0.0,0.3,11.76,2.5
2,2022-01-01 00:40:57,2022-01-01 01:12:08,1.0,2.7,1.0,N,161,142,1,19.5,0.5,0.5,6.99,0.0,0.3,30.29,2.5
2,2022-01-01 00:46:19,2022-01-01 01:15:22,2.0,3.81,1.0,N,162,238,1,19.5,0.5,0.5,4.66,0.0,0.3,27.96,2.5
2,2022-01-01 00:24:13,2022-01-01 00:38:50,1.0,2.73,1.0,N,211,170,2,12.0,0.5,0.5,0.0,0.0,0.3,15.8,2.5
2,2022-01-01 00:51:40,2022-01-01 00:57:29,1.0,0.61,1.0,N,113,79,1,5.5,0.5,0.5,2.0,0.0,0.3,11.3,2.5
2,2022-01-01 00:29:45,2022-01-01 00:42:02,4.0,1.74,1.0,N,164,137,1,9.5,0.5,0.5,2.66,0.0,0.3,15.96,2.5
2,2022-01-01 00:44:36,2022-01-01 00:52:26,2.0,2.09,1.0,N,233,140,1,8.5,0.5,0.5,2.46,0.0,0.3,14.76,2.5
2,2022-01-01 00:59:01,2022-01-01 01:12:34,2.0,2.27,1.0,N,237,233,1,11.5,0.5,0.5,4.59,0.0,0.3,19.89,2.5
2,2022-01-01 00:41:32,2022-01-01 00:45:35,1.0,1.11,1.0,N,263,262,2,5.5,0.5,0.5,0.0,0.0,0.3,9.3,2.5
2,2022-01-01 00:13:17,2022-01-01 00:18:10,1.0,1.14,1.0,N,237,236,2,6.0,0.5,0.5,0.0,0.0,0.3,9.8,2.5
2,2022-01-01 00:22:03,2022-01-01 00:25:37,1.0,0.69,1.0,N,236,262,1,4.5,0.5,0.5,1.66,0.0,0.3,9.96,2.5
2,2022-01-01 00:27:30,2022-01-01 00:32:51,1.0,1.1,1.0,N,262,141,2,6.0,0.5,0.5,0.0,0.0,0.3,9.8,2.5
2,2022-01-01 00:52:33,2022-01-01 00:58:07,1.0,0.87,1.0,N,141,229,1,5.5,0.5,0.5,2.32,0.0,0.3,11.62,2.5
2,2022-01-01 00:31:12,2022-01-02 00:00:58,1.0,3.03,1.0,N,79,261,2,15.0,0.5,0.5,0.0,0.0,0.3,18.8,2.5
2,2022-01-01 00:31:45,2022-01-01 00:53:16,1.0,4.41,1.0,N,43,246,1,17.0,0.5,0.5,4.16,0.0,0.3,24.96,2.5
2,2022-01-01 00:57:37,2022-01-01 01:29:35,1.0,6.29,1.0,N,68,41,1,24.5,0.5,0.5,1.7,0.0,0.3,30.0,2.5
2,2022-01-01 00:34:12,2022-01-01 00:56:25,1.0,6.5,1.0,N,170,36,2,21.5,0.5,0.5,0.0,6.55,0.3,31.85,2.5
1,2022-01-01 00:30:35,2022-01-01 00:46:45,4.0,3.6,1.0,N,50,151,2,13.5,3.0,0.5,0.0,0.0,0.3,17.3,2.5
1,2022-01-01 00:51:26,2022-01-01 00:58:25,2.0,1.0,1.0,N,238,239,2,6.5,3.0,0.5,0.0,0.0,0.3,10.3,2.5
1,2022-01-01 00:34:34,2022-01-01 01:08:45,2.0,20.7,2.0,N,132,236,1,52.0,3.75,0.5,11.3,0.0,0.3,67.85,2.5
1,2022-01-01 00:25:31,2022-01-01 00:34:07,1.0,1.3,1.0,N,249,107,1,7.5,3.0,0.5,2.8,0.0,0.3,14.1,2.5
1,2022-01-01 00:36:02,2022-01-01 00:46:06,3.0,2.5,1.0,N,107,141,1,10.0,3.0,0.5,2.75,0.0,0.3,16.55,2.5
2,2022-01-01 00:05:26,2022-01-01 00:29:05,1.0,4.56,1.0,N,50,79,1,18.5,0.5,0.5,4.46,0.0,0.3,26.76,2.5
2,2022-01-01 00:32:36,2022-01-01 00:36:56,1.0,0.5,1.0,N,79,148,1,4.5,0.5,0.5,1.49,0.0,0.3,9.79,2.5
2,2022-01-01 00:39:46,2022-01-01 00:46:16,1.0,0.68,1.0,N,148,148,2,5.5,0.5,0.5,0.0,0.0,0.3,9.3,2.5
2,2022-01-01 00:49:40,2022-01-01 00:57:16,1.0,0.81,1.0,N,148,45,1,6.5,0.5,0.5,2.06,0.0,0.3,12.36,2.5
2,2022-01-01 00:11:20,2022-01-01 00:28:44,1.0,4.08,1.0,N,238,168,2,15.5,0.5,0.5,0.0,0.0,0.3,19.3,2.5
2,2022-01-01 00:49:45,2022-01-01 01:06:38,1.0,1.97,1.0,N,239,48,2,11.5,0.5,0.5,0.0,0.0,0.3,15.3,2.5
2,2022-01-01 00:06:28,2022-01-01 00:14:17,4.0,1.91,1.0,N,166,238,1,8.5,0.5,0.5,2.46,0.0,0.3,14.76,2.5
2,2022-01-01 00:17:11,2022-01-01 00:36:10,4.0,5.51,1.0,N,239,243,1,19.0,0.5,0.5,4.56,0.0,0.3,27.36,2.5
2,2022-01-01 00:47:55,2022-01-01 00:52:56,4.0,1.1,1.0,N,166,238,1,6.0,0.5,0.5,1.96,0.0,0.3,11.76,2.5
2,2022-01-01 00:55:16,2022-01-01 01:06:44,4.0,1.93,1.0,N,238,262,1,10.0,0.5,0.5,2.76,0.0,0.3,16.56,2.5
1,2022-01-01 00:05:57,2022-01-01 00:32:31,1.0,11.1,1.0,N,132,61,1,33.0,1.75,0.5,7.1,0.0,0.3,42.65,0.0
2,2022-01-01 00:56:12,2022-01-01 00:58:28,2.0,0.77,1.0,N,263,141,1,4.0,0.5,0.5,1.56,0.0,0.3,9.36,2.5
2,2022-01-01 00:58:27,2022-01-01 01:23:12,1.0,16.75,1.0,N,132,112,1,45.5,0.5,0.5,9.61,0.0,0.3,57.66,0.0
2,2022-01-01 00:00:44,2022-01-01 00:08:54,1.0,2.17,1.0,N,263,233,1,8.5,0.5,0.5,2.46,0.0,0.3,14.76,2.5
2,2022-01-01 00:11:39,2022-01-01 00:36:04,1.0,5.43,1.0,N,233,7,1,20.5,0.5,0.5,10.94,0.0,0.3,35.24,2.5
1,2022-01-01 00:13:35,2022-01-01 00:25:52,1.0,2.0,1.0,N,142,238,2,10.0,3.0,0.5,0.0,0.0,0.3,13.8,2.5
1,2022-01-01 00:32:27,2022-01-01 00:39:38,3.0,1.0,1.0,N,239,238,1,6.5,3.0,0.5,2.05,0.0,0.3,12.35,2.5
1,2022-01-01 00:43:15,2022-01-01 01:01:35,1.0,7.6,1.0,N,238,153,1,24.0,3.0,0.5,0.0,0.0,0.3,27.8,2.5
2,2022-01-01 00:15:35,2022-01-01 00:20:49,2.0,0.88,1.0,N,233,229,2,5.5,0.5,0.5,0.0,0.0,0.3,9.3,2.5
2,2022-01-01 00:32:24,2022-01-01 00:34:54,1.0,0.63,1.0,N,233,137,1,4.0,0.5,0.5,1.0,0.0,0.3,8.8,2.5
2,2022-01-01 00:40:45,2022-01-01 00:47:22,1.0,1.14,1.0,N,170,229,1,6.5,0.5,0.5,2.06,0.0,0.3,12.36,2.5
2,2022-01-01 00:51:22,2022-01-01 01:06:08,1.0,7.37,1.0,N,141,231,2,22.0,0.5,0.5,0.0,0.0,0.3,25.8,2.5
2,2022-01-01 00:25:46,2022-01-01 00:40:39,1.0,6.32,1.0,N,132,139,2,20.0,0.5,0.5,0.0,0.0,0.3,22.55,0.0
1,2022-01-01 00:54:05,2022-01-01 00:54:44,1.0,0.1,1.0,N,265,265,2,2.5,0.5,0.5,0.0,0.0,0.3,3.8,0.0
2,2022-01-01 00:08:44,2022-01-01 00:21:54,3.0,2.26,1.0,N,88,114,1,11.0,0.5,0.5,0.0,0.0,0.3,14.8,2.5
2,2022-01-01 00:40:12,2022-01-01 01:07:08,1.0,5.43,1.0,N,68,263,1,21.0,0.5,0.5,4.0,0.0,0.3,28.8,2.5
2,2022-01-01 00:09:50,2022-01-01 00:13:40,5.0,0.56,1.0,N,186,68,2,4.5,0.5,0.5,0.0,0.0,0.3,8.3,2.5
2,2022-01-01 00:18:50,2022-01-01 00:22:06,3.0,0.99,1.0,N,162,237,1,5.0,0.5,0.5,2.64,0.0,0.3,11.44,2.5
2,2022-01-01 00:25:38,2022-01-01 00:38:03,4.0,1.85,1.0,N,236,141,1,10.0,0.5,0.5,2.76,0.0,0.3,16.56,2.5
2,2022-01-01 00:43:30,2022-01-01 00:45:09,3.0,0.5,1.0,N,236,236,1,3.5,0.5,0.5,1.0,0.0,0.3,8.3,2.5
2,2022-01-01 00:50:01,2022-01-01 00:57:00,3.0,1.67,1.0,N,236,238,2,7.5,0.5,0.5,0.0,0.0,0.3,11.3,2.5
2,2022-01-01 00:16:03,2022-01-01 00:40:25,1.0,5.88,1.0,N,233,97,1,21.0,0.5,0.5,4.96,0.0,0.3,29.76,2.5
2,2022-01-01 00:54:52,2022-01-01 01:03:51,1.0,2.83,1.0,N,79,229,1,10.0,0.5,0.5,2.76,0.0,0.3,16.56,2.5
2,2022-01-01 00:58:47,2022-01-01 01:24:38,1.0,16.82,1.0,N,132,255,2,46.0,0.5,0.5,0.0,0.0,0.3,48.55,0.0
2,2022-01-01 00:36:55,2022-01-01 00:41:46,1.0,0.68,1.0,N,148,211,2,5.0,0.5,0.5,0.0,0.0,0.3,8.8,2.5
2,2022-01-01 00:45:08,2022-01-01 00:55:40,1.0,1.91,1.0,N,144,164,1,9.5,0.5,0.5,0.0,0.0,0.3,13.3,2.5
2,2022-01-01 00:28:57,2022-01-01 00:35:49,2.0,1.49,1.0,N,224,170,1,7.0,0.5,0.5,2.7,0.0,0.3,13.5,2.5
2,2022-01-01 00:51:46,2022-01-01 01:01:32,1.0,3.49,1.0,N,233,74,2,11.0,0.5,0.5,0.0,0.0,0.3,14.8,2.5
1,2022-01-01 00:48:52,2022-01-01 01:01:55,2.0,5.3,1.0,N,132,180,1,17.0,1.75,0.5,5.85,0.0,0.3,25.4,0.0
2,2022-01-01 00:42:02,2022-01-01 01:04:31,1.0,14.48,1.0,N,132,7,1,40.0,0.5,0.5,8.51,0.0,0.3,51.06,0.0
1,2022-01-01 00:07:13,2022-01-01 00:28:06,1.0,3.9,1.0,Y,137,239,2,16.0,3.0,0.5,0.0,0.0,0.3,19.8,2.5
2,2022-01-01 00:25:25,2022-01-01 00:33:14,1.0,1.67,1.0,N,249,144,2,7.5,0.5,0.5,0.0,0.0,0.3,11.3,2.5
2,2022-01-01 00:33:50,2022-01-01 01:07:19,1.0,4.59,1.0,N,114,142,1,23.5,0.5,0.5,5.46,0.0,0.3,32.76,2.5
2,2022-01-01 00:28:44,2022-01-01 00:51:30,1.0,2.53,1.0,N,90,163,1,15.5,0.5,0.5,0.8,0.0,0.3,20.1,2.5
2,2022-01-01 00:00:20,2022-01-01 00:20:51,1.0,4.89,1.0,N,68,256,1,18.0,0.5,0.5,6.54,0.0,0.3,28.34,2.5
2,2022-01-01 00:31:10,2022-01-01 00:36:06,2.0,0.93,1.0,N,148,79,1,5.5,0.5,0.5,1.86,0.0,0.3,11.16,2.5
2,2022-01-01 00:40:23,2022-01-01 00:51:03,2.0,1.73,1.0,N,79,164,1,9.0,0.5,0.5,3.2,0.0,0.3,16.0,2.5
2,2022-01-01 00:54:54,2022-01-01 01:14:37,2.0,3.73,1.0,N,164,239,1,16.0,0.5,0.5,3.96,0.0,0.3,23.76,2.5
2,2022-01-01 00:08:47,2022-01-01 00:11:44,1.0,0.76,1.0,N,141,141,2,4.5,0.5,0.5,0.0,0.0,0.3,8.3,2.5
2,2022-01-01 00:15:04,2022-01-01 00:26:49,1.0,2.12,1.0,N,141,142,1,10.0,0.5,0.5,1.5,0.0,0.3,15.3,2.5
2,2022-01-01 00:53:09,2022-01-01 01:10:59,1.0,8.15,1.0,N,141,13,1,24.0,0.5,0.5,1.0,0.0,0.3,28.8,2.5
1,2022-01-01 00:41:01,2022-01-01 00:47:22,1.0,1.4,1.0,N,95,134,2,7.0,0.5,0.5,0.0,0.0,0.3,8.3,0.0
2,2022-01-01 00:30:25,2022-01-01 01:15:31,2.0,20.9,2.0,N,132,143,1,52.0,0.0,0.5,12.62,6.55,0.3,75.72,2.5
1,2022-01-01 00:48:29,2022-01-01 01:17:18,1.0,18.9,2.0,N,132,231,1,52.0,3.75,0.5,11.3,0.0,0.3,67.85,2.5
2,2022-01-01 00:19:37,2022-01-01 00:33:30,1.0,5.66,1.0,N,48,152,1,18.0,0.5,0.5,2.22,0.0,0.3,24.02,2.5
2,2022-01-01 00:41:00,2022-01-01 01:09:19,1.0,6.26,1.0,N,24,113,1,24.0,0.5,0.5,4.0,0.0,0.3,31.8,2.5
2,2022-01-01 00:23:23,2022-01-01 00:43:30,1.0,2.45,1.0,N,142,68,2,14.0,0.5,0.5,0.0,0.0,0.3,17.8,2.5
2,2022-01-01 00:49:06,2022-01-01 00:54:14,1.0,0.71,1.0,N,68,249,1,5.5,0.5,0.5,1.12,0.0,0.3,10.42,2.5
2,2022-01-01 00:58:41,2022-01-01 01:26:42,1.0,6.05,1.0,N,158,263,1,23.5,0.5,0.5,2.0,0.0,0.3,29.3,2.5
2,2022-01-01 00:11:15,2022-01-01 00:25:26,1.0,2.86,1.0,N,238,74,2,12.5,0.5,0.5,0.0,0.0,0.3,13.8,0.0
2,2022-01-01 00:27:27,2022-01-01 00:29:17,1.0,0.3,1.0,N,74,74,2,3.5,0.5,0.5,0.0,0.0,0.3,4.8,0.0
2,2022-01-01 00:43:31,2022-01-01 00:53:19,1.0,1.92,1.0,N,239,141,1,9.0,0.5,0.5,3.84,0.0,0.3,16.64,2.5
1,2022-01-01 00:41:54,2022-01-01 00:42:17,1.0,0.0,1.0,N,249,249,2,2.5,3.0,0.5,0.0,0.0,0.3,6.3,2.5
1,2022-01-01 00:45:33,2022-01-01 00:57:32,4.0,1.9,1.0,N,68,137,1,9.5,3.0,0.5,2.65,0.0,0.3,15.95,2.5
1,2022-01-01 00:17:34,2022-01-01 00:20:25,0.0,0.9,1.0,N,236,262,2,5.0,3.0,0.5,0.0,0.0,0.3,8.8,2.5
1,2022-01-01 00:23:57,2022-01-01 00:24:49,0.0,0.0,1.0,N,263,263,2,2.5,3.0,0.5,0.0,0.0,0.3,6.3,2.5
1,2022-01-01 00:31:53,2022-01-01 00:36:31,0.0,1.3,1.0,N,140,229,1,6.0,3.0,0.5,2.9,0.0,0.3,12.7,2.5
1,2022-01-01 00:41:40,2022-01-01 00:46:11,0.0,1.3,1.0,N,163,236,1,6.0,3.0,0.5,2.45,0.0,0.3,12.25,2.5
1,2022-01-01 00:10:06,2022-01-01 00:21:56,1.0,2.6,1.0,N,142,263,2,9.5,3.0,0.5,0.0,0.0,0.3,13.3,2.5
1,2022-01-01 00:23:54,2022-01-01 00:26:49,1.0,0.3,1.0,N,263,262,1,3.5,3.0,0.5,1.46,0.0,0.3,8.76,2.5
1,2022-01-01 00:32:24,2022-01-01 00:40:13,1.0,1.4,1.0,N,236,239,1,6.0,3.0,0.5,3.0,0.0,0.3,12.8,2.5
1,2022-01-01 00:41:31,2022-01-01 01:07:07,1.0,4.9,1.0,N,239,243,1,17.5,3.0,0.5,5.35,0.0,0.3,26.65,2.5
2,2022-01-01 00:10:42,2022-01-01 00:27:19,3.0,1.5,1.0,N,164,237,1,11.5,0.5,0.5,4.59,0.0,0.3,19.89,2.5
2,2022-01-01 00:30:41,2022-01-01 00:39:38,3.0,1.21,1.0,N,163,233,1,7.5,0.5,0.5,2.0,0.0,0.3,13.3,2.5
2,2022-01-01 00:58:21,2022-01-01 01:21:54,1.0,8.54,1.0,N,237,196,1,27.5,0.5,0.5,7.57,6.55,0.3,45.42,2.5
2,2022-01-01 00:26:37,2022-01-01 00:39:35,1.0,7.38,1.0,N,132,265,4,-21.0,-0.5,-0.5,0.0,0.0,-0.3,-23.55,0.0
2,2022-01-01 00:26:37,2022-01-01 00:39:35,1.0,7.38,1.0,N,132,265,2,21.0,0.5,0.5,0.0,0.0,0.3,23.55,0.0
1,2022-01-01 00:18:39,2022-01-01 00:33:53,2.0,2.7,1.0,N,142,161,2,13.0,3.0,0.5,0.0,0.0,0.3,16.8,2.5
1,2022-01-01 00:55:36,2022-01-01 01:03:26,0.0,0.5,1.0,N,162,161,1,6.5,3.0,0.5,0.0,0.0,0.3,10.3,2.5
2,2022-01-01 00:36:46,2022-01-01 01:05:44,1.0,5.02,1.0,N,161,125,2,21.5,0.5,0.5,0.0,0.0,0.3,25.3,2.5
2,2022-01-01 00:25:30,2022-01-01 00:35:01,1.0,1.3,1.0,N,114,231,2,8.0,0.5,0.5,0.0,0.0,0.3,11.8,2.5
2,2022-01-01 00:40:21,2022-01-01 01:14:53,1.0,6.34,1.0,N,88,48,1,26.5,0.5,0.5,6.06,0.0,0.3,36.36,2.5
2,2022-01-01 00:27:11,2022-01-01 00:46:22,1.0,5.38,1.0,N,75,7,2,18.5,0.5,0.5,0.0,0.0,0.3,22.3,2.5
2,2022-01-01 00:11:36,2022-01-01 00:23:30,1.0,0.99,1.0,N,142,48,1,8.5,0.5,0.5,3.69,0.0,0.3,15.99,2.5
2,2022-01-01 00:26:49,2022-01-01 00:32:02,1.0,0.53,1.0,N,48,50,1,5.0,0.5,0.5,2.64,0.0,0.3,11.44,2.5
1,2022-01-01 00:56:48,2022-01-01 01:08:01,1.0,2.9,1.0,N,148,162,1,11.0,3.0,0.5,0.0,0.0,0.3,14.8,2.5
2,2022-01-01 00:31:05,2022-01-01 00:41:25,1.0,1.4,1.0,N,164,113,2,8.0,0.5,0.5,0.0,0.0,0.3,11.8,2.5
1,2022-01-01 00:25:43,2022-01-01 00:45:37,1.0,4.5,1.0,N,68,263,1,16.5,3.0,0.5,4.05,0.0,0.3,24.35,2.5
1,2022-01-01 00:48:32,2022-01-01 00:53:40,1.0,1.5,1.0,N,263,229,1,6.5,3.0,0.5,2.05,0.0,0.3,12.35,2.5
1,2022-01-01 00:55:41,2022-01-01 01:01:29,1.0,2.0,1.0,N,229,263,1,7.5,3.0,0.5,2.25,0.0,0.3,13.55,2.5
2,2022-01-01 00:39:49,2022-01-01 00:51:27,2.0,1.9,1.0,N,246,234,1,9.5,0.5,0.5,2.66,0.0,0.3,15.96,2.5
1,2022-01-01 00:23:24,2022-01-01 00:26:06,1.0,0.7,1.0,N,141,141,1,4.5,3.0,0.5,2.0,0.0,0.3,10.3,2.5
1,2022-01-01 00:37:59,2022-01-01 00:55:10,2.0,2.2,1.0,N,161,236,1,13.5,3.0,0.5,3.45,0.0,0.3,20.75,2.5
2,2022-01-01 00:28:11,2022-01-01 00:55:02,2.0,19.14,1.0,N,132,65,2,51.5,0.5,0.5,0.0,0.0,0.3,54.05,0.0
1,2022-01-01 00:17:34,2022-01-01 00:26:12,2.0,1.7,1.0,N,249,234,1,8.0,3.0,0.5,2.35,0.0,0.3,14.15,2.5
1,2022-01-01 00:30:29,2022-01-01 00:40:35,4.0,3.1,1.0,N,170,262,2,10.5,3.0,0.5,0.0,0.0,0.3,14.3,2.5
1,2022-01-01 00:45:51,2022-01-01 01:10:40,2.0,4.4,1.0,N,262,163,1,19.5,3.0,0.5,6.95,0.0,0.3,30.25,2.5
1,2022-01-01 00:30:50,2022-01-01 00:39:53,1.0,1.6,1.0,N,246,50,2,8.5,3.0,0.5,0.0,0.0,0.3,12.3,2.5
1,2022-01-01 00:47:17,2022-01-01 01:07:41,1.0,3.9,1.0,N,50,79,1,16.0,3.0,0.5,3.96,0.0,0.3,23.76,2.5
1,2022-01-01 00:46:56,2022-01-01 01:08:29,2.0,4.3,1.0,N,113,142,1,17.0,3.0,0.5,6.2,0.0,0.3,27.0,2.5
1,2022-01-01 00:23:49,2022-01-01 00:37:57,2.0,2.2,1.0,N,90,79,1,11.0,3.0,0.5,2.95,0.0,0.3,17.75,2.5
1,2022-01-01 00:41:16,2022-01-01 00:54:51,2.0,2.6,1.0,N,79,68,1,11.5,3.0,0.5,1.53,0.0,0.3,16.83,2.5
2,2022-01-01 00:28:23,2022-01-01 00:53:24,2.0,7.26,1.0,N,249,181,1,24.5,0.5,0.5,5.66,0.0,0.3,33.96,2.5
1,2022-01-01 00:21:16,2022-01-01 00:42:01,4.0,2.1,1.0,N,142,164,1,14.0,3.0,0.5,3.55,0.0,0.3,21.35,2.5
1,2022-01-01 00:58:12,2022-01-01 01:11:14,2.0,2.0,1.0,N,107,231,1,10.5,3.0,0.5,2.86,0.0,0.3,17.16,2.5
2,2022-01-01 00:36:47,2022-01-01 00:44:41,1.0,1.18,1.0,N,234,113,1,7.5,0.5,0.5,2.26,0.0,0.3,13.56,2.5
2,2022-01-01 00:55:16,2022-01-01 01:11:04,1.0,2.7,1.0,N,137,107,2,13.0,0.5,0.5,0.0,0.0,0.3,16.8,2.5
2,2022-01-01 00:20:54,2022-01-01 00:39:36,1.0,2.47,1.0,N,163,90,1,13.5,0.5,0.5,3.46,0.0,0.3,20.76,2.5
2,2022-01-01 00:42:32,2022-01-01 01:02:35,1.0,4.29,1.0,N,186,263,1,16.5,0.5,0.5,4.06,0.0,0.3,24.36,2.5
1,2022-01-01 00:10:59,2022-01-01 00:15:38,2.0,0.6,1.0,Y,79,148,2,5.0,3.0,0.5,0.0,0.0,0.3,8.8,2.5
1,2022-01-01 00:26:12,2022-01-01 00:52:12,2.0,8.5,1.0,N,113,83,1,28.0,3.0,0.5,5.0,0.0,0.3,36.8,2.5
1,2022-01-01 00:20:10,2022-01-01 00:28:49,2.0,1.6,1.0,N,79,87,1,8.0,3.0,0.5,2.95,0.0,0.3,14.75,2.5
1,2022-01-01 00:32:28,2022-01-01 00:44:40,2.0,2.8,1.0,N,209,249,1,11.0,3.0,0.5,2.95,0.0,0.3,17.75,2.5
1,2022-01-01 00:47:50,2022-01-01 01:08:34,2.0,4.9,1.0,N,249,40,1,18.0,3.0,0.5,4.0,0.0,0.3,25.8,2.5
2,2022-01-01 00:58:26,2022-01-01 01:07:49,1.0,1.5,1.0,N,137,90,1,7.5,0.5,0.5,2.26,0.0,0.3,13.56,2.5
2,2022-01-01 00:28:49,2022-01-01 00:33:31,1.0,0.74,1.0,N,234,68,1,5.0,0.5,0.5,1.76,0.0,0.3,10.56,2.5
2,2022-01-01 00:41:14,2022-01-01 01:03:28,3.0,2.86,1.0,N,68,144,1,15.5,0.5,0.5,3.86,0.0,0.3,23.16,2.5
2,2022-01-01 00:43:40,2022-01-01 00:47:47,2.0,0.68,1.0,N,234,186,2,4.5,0.5,0.5,0.0,0.0,0.3,8.3,2.5
2,2022-01-01 00:51:09,2022-01-01 01:03:16,2.0,1.51,1.0,N,186,114,1,9.5,0.5,0.5,3.33,0.0,0.3,16.63,2.5
1,2022-01-01 00:14:04,2022-01-01 00:52:10,2.0,5.0,1.0,N,114,142,1,25.0,3.0,0.5,4.32,0.0,0.3,33.12,2.5
1,2022-01-01 00:55:04,2022-01-01 00:56:57,0.0,0.6,1.0,N,239,239,1,4.0,3.0,0.5,2.3,0.0,0.3,10.1,2.5
2,2022-01-01 00:22:51,2022-01-01 00:29:11,2.0,0.64,1.0,N,43,237,1,6.0,0.5,0.5,1.96,0.0,0.3,11.76,2.5
2,2022-01-01 00:41:17,2022-01-01 00:57:38,1.0,0.95,1.0,N,163,170,1,10.5,0.5,0.5,2.86,0.0,0.3,17.16,2.5
2,2022-01-01 00:07:23,2022-01-01 00:20:06,2.0,3.45,1.0,N,249,48,2,13.0,0.5,0.5,0.0,0.0,0.3,16.8,2.5
2,2022-01-01 00:43:07,2022-01-01 00:58:07,2.0,3.85,1.0,N,142,193,1,14.5,0.5,0.5,3.66,0.0,0.3,21.96,2.5
1,2022-01-01 00:47:49,2022-01-01 01:00:33,1.0,2.1,1.0,N,237,262,2,11.0,3.0,0.5,0.0,0.0,0.3,14.8,2.5
2,2022-01-01 00:41:30,2022-01-01 00:55:55,2.0,2.2,1.0,N,24,74,2,11.5,0.5,0.5,0.0,0.0,0.3,12.8,0.0
1,2022-01-01 00:58:28,2022-01-01 01:27:30,2.0,7.4,1.0,N,68,42,2,26.5,3.0,0.5,0.0,0.0,0.3,30.3,2.5
2,2022-01-01 00:39:37,2022-01-01 00:59:45,1.0,9.42,1.0,N,264,130,2,27.0,0.5,0.5,0.0,0.0,0.3,28.3,0.0
2,2022-01-01 00:06:10,2022-01-01 00:19:27,3.0,4.84,1.0,N,144,255,1,16.0,0.5,0.5,3.96,0.0,0.3,23.76,2.5
2,2022-01-01 00:27:12,2022-01-01 00:33:19,4.0,0.93,1.0,N,148,79,1,6.0,0.5,0.5,1.96,0.0,0.3,11.76,2.5
2,2022-01-01 00:35:10,2022-01-01 00:49:47,3.0,2.63,1.0,N,224,231,1,11.5,0.5,0.5,3.82,0.0,0.3,19.12,2.5
1,2022-01-01 00:13:48,2022-01-01 00:24:49,0.0,1.4,1.0,N,79,249,1,8.5,3.0,0.5,2.45,0.0,0.3,14.75,2.5
1,2022-01-01 00:29:34,2022-01-01 00:40:06,0.0,1.4,1.0,N,158,246,1,8.5,3.0,0.5,2.45,0.0,0.3,14.75,2.5
1,2022-01-01 00:44:13,2022-01-01 01:05:21,0.0,2.0,1.0,N,246,170,1,14.0,3.0,0.5,3.55,0.0,0.3,21.35,2.5
1,2022-01-01 00:14:33,2022-01-01 00:31:59,3.0,3.8,1.0,N,249,48,2,15.5,3.0,0.5,0.0,0.0,0.3,19.3,2.5
1,2022-01-01 00:33:50,2022-01-01 00:50:38,2.0,2.6,1.0,Y,48,140,1,12.5,3.0,0.5,3.26,0.0,0.3,19.56,2.5
1,2022-01-01 00:51:49,2022-01-01 00:53:51,1.0,0.5,1.0,N,140,262,1,4.0,3.0,0.5,1.2,0.0,0.3,9.0,2.5
1,2022-01-01 00:23:06,2022-01-01 00:39:46,1.0,4.6,1.0,N,107,226,2,16.0,3.0,0.5,0.0,0.0,0.3,19.8,2.5
1,2022-01-01 00:50:58,2022-01-01 01:00:14,1.0,2.3,1.0,N,148,137,1,10.0,3.0,0.5,4.1,0.0,0.3,17.9,2.5
2,2022-01-01 00:52:54,2022-01-01 01:25:57,1.0,21.75,1.0,N,219,265,1,58.0,0.5,0.5,11.86,0.0,0.3,71.16,0.0
2,2022-01-01 00:11:59,2022-01-01 00:26:35,1.0,2.51,1.0,N,170,144,2,12.0,0.5,0.5,0.0,0.0,0.3,15.8,2.5
2,2022-01-01 00:33:05,2022-01-01 00:45:22,1.0,5.24,1.0,N,234,13,1,17.0,0.5,0.5,5.2,0.0,0.3,26.0,2.5
2,2022-01-01 00:39:25,2022-01-01 00:54:39,1.0,2.39,1.0,N,79,161,2,12.0,0.5,0.5,0.0,0.0,0.3,15.8,2.5
1,2022-01-01 00:02:04,2022-01-01 00:15:00,1.0,3.2,1.0,N,229,148,1,12.0,3.0,0.5,3.95,0.0,0.3,19.75,2.5
1,2022-01-01 00:16:35,2022-01-01 00:27:28,2.0,1.6,1.0,N,148,249,1,8.5,3.0,0.5,2.45,0.0,0.3,14.75,2.5
1,2022-01-01 00:44:37,2022-01-01 01:02:58,1.0,4.8,1.0,N,233,202,1,16.5,3.0,0.5,1.0,0.0,0.3,21.3,2.5
2,2022-01-01 00:26:59,2022-01-01 00:34:15,2.0,1.3,1.0,N,239,48,2,7.0,0.5,0.5,0.0,0.0,0.3,10.8,2.5
2,2022-01-01 00:37:05,2022-01-01 01:00:52,1.0,2.95,1.0,N,48,141,1,16.5,0.5,0.5,4.06,0.0,0.3,24.36,2.5
2,2022-01-01 00:06:49,2022-01-01 00:32:48,1.0,6.9,1.0,N,161,56,2,24.0,0.5,0.5,0.0,0.0,0.3,27.8,2.5
2,2022-01-01 00:52:50,2022-01-01 01:04:40,2.0,2.25,1.0,N,148,170,1,10.5,0.5,0.5,2.86,0.0,0.3,17.16,2.5
2,2022-01-01 00:26:18,2022-01-01 00:39:56,2.0,1.63,1.0,N,148,4,1,9.5,0.5,0.5,2.66,0.0,0.3,15.96,2.5
2,2022-01-01 00:49:04,2022-01-01 01:04:35,4.0,4.45,1.0,N,232,161,2,16.0,0.5,0.5,0.0,0.0,0.3,19.8,2.5
2,2022-01-01 00:18:28,2022-01-01 00:30:09,2.0,2.94,1.0,N,170,236,1,11.0,0.5,0.5,2.96,0.0,0.3,17.76,2.5
2,2022-01-01 00:36:42,2022-01-01 00:39:02,3.0,0.64,1.0,N,43,237,1,4.0,0.5,0.5,2.2,0.0,0.3,10.0,2.5
2,2022-01-01 00:43:45,2022-01-01 00:48:34,2.0,0.89,1.0,N,237,263,1,5.5,0.5,0.5,1.86,0.0,0.3,11.16,2.5
2,2022-01-01 00:55:59,2022-01-01 01:11:42,3.0,5.96,1.0,N,229,261,1,19.0,0.5,0.5,2.0,0.0,0.3,24.8,2.5
2,2022-01-01 00:59:19,2022-01-01 01:09:50,2.0,1.16,1.0,N,79,113,1,8.0,0.5,0.5,2.36,0.0,0.3,14.16,2.5
2,2022-01-01 00:31:49,2022-01-01 00:35:05,1.0,0.96,1.0,N,140,263,2,5.0,0.5,0.5,0.0,0.0,0.3,8.8,2.5
2,2022-01-01 00:36:47,2022-01-01 00:51:11,4.0,3.84,1.0,N,263,79,1,13.5,0.5,0.5,3.46,0.0,0.3,20.76,2.5
2,2022-01-01 00:53:07,2022-01-01 01:05:40,3.0,4.14,1.0,N,79,263,1,13.5,0.5,0.5,3.46,0.0,0.3,20.76,2.5
2,2022-01-01 00:21:29,2022-01-01 00:34:01,2.0,2.49,1.0,N,170,263,2,11.0,0.5,0.5,0.0,0.0,0.3,14.8,2.5
2,2022-01-01 00:35:22,2022-01-01 00:44:24,2.0,3.69,1.0,N,263,42,1,12.5,0.5,0.5,4.89,0.0,0.3,21.19,2.5
2,2022-01-01 00:59:05,2022-01-01 01:19:17,2.0,4.6,1.0,N,237,148,1,17.0,0.5,0.5,5.2,0.0,0.3,26.0,2.5
1,2022-01-01 00:22:35,2022-01-01 00:49:32,1.0,17.2,1.0,N,132,256,1,46.5,1.75,0.5,14.7,0.0,0.3,63.75,0.0
2,2022-01-01 00:27:53,2022-01-01 00:33:04,3.0,0.91,1.0,N,43,162,2,5.0,0.5,0.5,0.0,0.0,0.3,8.8,2.5
2,2022-01-01 00:49:57,2022-01-01 00:50:17,1.0,0.0,1.0,N,79,79,2,2.5,0.5,0.5,0.0,0.0,0.3,6.3,2.5
2,2022-01-01 00:17:03,2022-01-01 00:21:32,1.0,0.65,1.0,N,234,234,2,5.0,0.5,0.5,0.0,0.0,0.3,8.8,2.5
2,2022-01-01 00:44:07,2022-01-01 01:17:07,1.0,3.23,1.0,N,48,233,1,20.0,0.5,0.5,2.86,0.0,0.3,26.66,2.5
2,2022-01-01 00:19:01,2022-01-01 00:26:37,1.0,1.45,1.0,N,144,113,1,7.0,0.5,0.5,1.1,0.0,0.3,11.9,2.5
2,2022-01-01 00:28:29,2022-01-01 00:49:13,1.0,3.56,1.0,N,113,256,1,16.0,0.5,0.5,3.96,0.0,0.3,23.76,2.5
1,2022-01-01 00:12:37,2022-01-01 00:32:28,4.0,11.4,1.0,Y,132,70,3,32.5,1.75,0.5,0.0,0.0,0.3,35.05,0.0
2,2022-01-01 00:16:10,2022-01-01 00:48:09,1.0,4.86,1.0,N,142,4,1,22.5,0.5,0.5,0.0,0.0,0.3,26.3,2.5
2,2022-01-01 00:24:59,2022-01-01 00:39:36,1.0,3.32,1.0,N,229,238,1,13.0,0.5,0.5,5.04,0.0,0.3,21.84,2.5
2,2022-01-01 00:43:07,2022-01-01 00:51:17,1.0,1.86,1.0,N,239,237,1,8.5,0.5,0.5,2.46,0.0,0.3,14.76,2.5
2,2022-01-01 00:54:55,2022-01-01 01:22:41,1.0,3.19,1.0,N,237,48,2,18.0,0.5,0.5,0.0,0.0,0.3,21.8,2.5
2,2022-01-01 00:30:24,2022-01-01 00:48:17,1.0,4.23,1.0,N,233,41,1,15.5,0.5,0.5,3.86,0.0,0.3,23.16,2.5
2,2022-01-01 00:56:35,2022-01-01 01:00:42,1.0,1.49,1.0,N,151,142,1,6.0,0.5,0.5,2.45,0.0,0.3,12.25,2.5
2,2022-01-01 00:27:02,2022-01-01 00:43:37,5.0,5.42,1.0,N,137,80,1,18.0,0.5,0.5,3.92,0.0,0.3,25.72,2.5
2,2022-01-01 00:49:07,2022-01-01 00:57:00,5.0,1.41,1.0,N,256,80,1,7.5,0.5,0.5,1.76,0.0,0.3,10.56,0.0
2,2022-01-01 00:25:05,2022-01-01 00:46:13,2.0,4.82,1.0,N,231,48,1,18.0,0.5,0.5,4.36,0.0,0.3,26.16,2.5
2,2022-01-01 00:48:19,2022-01-01 01:19:43,3.0,4.99,1.0,N,48,170,1,22.0,0.5,0.5,7.74,0.0,0.3,33.54,2.5
2,2022-01-01 00:06:34,2022-01-01 00:12:34,1.0,2.47,1.0,N,140,170,1,9.0,0.5,0.5,2.56,0.0,0.3,15.36,2.5
2,2022-01-01 00:23:17,2022-01-01 00:43:23,1.0,3.59,1.0,N,141,249,1,15.0,0.5,0.5,1.5,0.0,0.3,20.3,2.5
2,2022-01-01 00:49:01,2022-01-01 01:12:44,1.0,4.94,1.0,N,158,17,2,19.0,0.5,0.5,0.0,0.0,0.3,22.8,2.5
2,2022-01-01 00:12:32,2022-01-01 00:33:33,1.0,2.75,1.0,N,142,170,2,14.5,0.5,0.5,0.0,0.0,0.3,18.3,2.5
2,2022-01-01 00:37:28,2022-01-01 01:07:18,1.0,5.42,1.0,N,234,238,1,23.5,0.5,0.5,6.82,0.0,0.3,34.12,2.5
2,2022-01-01 00:31:00,2022-01-01 01:06:04,2.0,11.18,1.0,N,132,85,2,36.0,0.5,0.5,0.0,0.0,0.3,38.55,0.0
1,2022-01-01 00:04:04,2022-01-01 00:33:15,1.0,7.6,1.0,N,68,168,2,27.5,3.0,0.5,0.0,0.0,0.3,31.3,2.5
2,2022-01-01 00:00:29,2022-01-01 00:06:52,2.0,1.46,1.0,N,238,263,2,7.0,0.5,0.5,0.0,0.0,0.3,10.8,2.5
2,2022-01-01 00:15:53,2022-01-01 00:22:28,2.0,2.27,1.0,N,263,74,2,8.5,0.5,0.5,0.0,0.0,0.3,12.3,2.5
2,2022-01-01 00:39:15,2022-01-01 00:48:35,2.0,2.79,1.0,N,43,74,2,10.5,0.5,0.5,0.0,0.0,0.3,14.3,2.5
2,2022-01-01 00:57:49,2022-01-01 01:06:05,2.0,2.38,1.0,N,75,166,1,9.5,0.5,0.5,3.24,0.0,0.3,14.04,0.0
2,2022-01-01 00:19:46,2022-01-01 00:28:15,1.0,1.53,1.0,N,137,4,1,7.5,0.5,0.5,2.26,0.0,0.3,13.56,2.5
2,2022-01-01 00:40:30,2022-01-01 01:05:11,1.0,6.22,1.0,N,79,223,1,21.5,0.5,0.5,5.06,0.0,0.3,30.36,2.5
1,2022-01-01 00:33:46,2022-01-01 00:44:02,1.0,3.1,1.0,N,79,237,1,11.0,3.0,0.5,2.95,0.0,0.3,17.75,2.5
2,2022-01-01 00:40:17,2022-01-01 00:51:40,1.0,6.42,1.0,N,264,112,1,18.5,0.5,0.5,4.95,0.0,0.3,24.75,0.0
2,2022-01-01 00:13:05,2022-01-01 00:33:00,1.0,3.27,1.0,N,249,48,1,14.5,0.5,0.5,3.66,0.0,0.3,21.96,2.5
2,2022-01-01 00:35:24,2022-01-01 00:55:49,1.0,2.2,1.0,N,48,186,1,14.0,0.5,0.5,3.56,0.0,0.3,21.36,2.5
2,2022-01-01 00:44:45,2022-01-01 00:51:27,1.0,1.61,1.0,N,75,151,2,7.5,0.5,0.5,0.0,0.0,0.3,8.8,0.0
2,2022-01-01 00:53:23,2022-01-01 01:00:32,1.0,1.51,1.0,N,151,166,1,7.0,0.5,0.5,1.66,0.0,0.3,9.96,0.0
2,2022-01-01 00:59:42,2022-01-01 01:22:33,1.0,17.43,2.0,N,132,162,1,52.0,0.0,0.5,15.78,6.55,0.3,78.88,2.5
2,2022-01-01 00:19:51,2022-01-01 00:25:37,1.0,0.92,1.0,N,158,68,1,6.0,0.5,0.5,1.96,0.0,0.3,11.76,2.5
2,2022-01-01 00:34:25,2022-01-01 00:54:31,1.0,3.31,1.0,N,68,142,2,15.5,0.5,0.5,0.0,0.0,0.3,19.3,2.5
2,2022-01-01 00:56:30,2022-01-01 01:00:22,1.0,0.43,1.0,N,142,163,2,4.5,0.5,0.5,0.0,0.0,0.3,8.3,2.5
1,2022-01-01 00:11:08,2022-01-01 00:51:09,1.0,11.6,1.0,N,236,17,1,36.5,3.0,0.5,10.1,0.0,0.3,50.4,2.5
1,2022-01-01 00:04:32,2022-01-01 00:31:12,1.0,21.5,1.0,N,132,241,1,56.5,1.75,0.5,0.0,6.55,0.3,65.6,0.0
1,2022-01-01 00:25:41,2022-01-01 00:39:40,4.0,4.1,1.0,N,138,92,2,15.0,1.75,0.5,0.0,0.0,0.3,17.55,0.0
2,2022-01-01 00:43:01,2022-01-01 00:54:11,1.0,1.96,1.0,N,162,224,1,9.5,0.5,0.5,2.66,0.0,0.3,15.96,2.5
2,2022-01-01 00:33:18,2022-01-01 00:36:59,1.0,0.66,1.0,N,249,249,1,4.5,0.5,0.5,1.66,0.0,0.3,9.96,2.5
2,2022-01-01 00:39:11,2022-01-01 00:42:17,1.0,0.86,1.0,N,249,234,1,4.5,0.5,0.5,2.08,0.0,0.3,10.38,2.5
2,2022-01-01 00:53:35,2022-01-01 01:00:19,1.0,1.54,1.0,N,249,90,2,7.0,0.5,0.5,0.0,0.0,0.3,10.8,2.5
1,2022-01-01 00:23:49,2022-01-01 00:54:46,3.0,17.7,2.0,N,132,186,3,52.0,3.75,0.5,0.0,6.55,0.3,63.1,2.5
1,2022-01-01 00:03:53,2022-01-01 00:07:38,2.0,0.8,1.0,N,140,262,2,5.0,3.0,0.5,0.0,0.0,0.3,8.8,2.5
1,2022-01-01 00:23:44,2022-01-01 00:42:48,1.0,1.5,1.0,N,162,164,2,13.0,3.0,0.5,0.0,0.0,0.3,16.8,2.5
1,2022-01-01 00:47:27,2022-01-01 01:07:57,2.0,5.0,1.0,N,164,166,1,18.5,3.0,0.5,6.65,0.0,0.3,28.95,2.5
2,2022-01-01 00:39:37,2022-01-01 01:04:08,1.0,14.62,1.0,N,132,7,2,41.0,0.5,0.5,0.0,0.0,0.3,43.55,0.0
1,2022-01-01 00:13:02,2022-01-01 00:26:07,3.0,2.3,1.0,N,141,262,1,10.5,3.0,0.5,2.86,0.0,0.3,17.16,2.5
1,2022-01-01 00:34:05,2022-01-01 00:47:11,1.0,3.8,1.0,N,229,179,1,13.5,3.0,0.5,3.46,0.0,0.3,20.76,2.5
1,2022-01-01 00:59:36,2022-01-01 01:12:46,1.0,2.6,1.0,N,229,79,2,11.5,3.0,0.5,0.0,0.0,0.3,15.3,2.5
1,2022-01-01 00:53:27,2022-01-01 01:04:24,2.0,1.7,1.0,N,107,162,1,9.0,3.0,0.5,2.55,0.0,0.3,15.35,2.5
1,2022-01-01 00:14:32,2022-01-01 00:25:16,2.0,4.7,1.0,N,87,233,1,15.5,3.0,0.5,2.0,0.0,0.3,21.3,2.5
1,2022-01-01 00:27:18,2022-01-01 00:32:10,3.0,0.7,1.0,N,233,229,2,5.0,3.0,0.5,0.0,0.0,0.3,8.8,2.5
1,2022-01-01 00:33:39,2022-01-01 00:40:25,1.0,1.8,1.0,N,229,107,2,7.5,3.0,0.5,0.0,0.0,0.3,11.3,2.5
1,2022-01-01 00:49:05,2022-01-01 00:52:40,1.0,0.9,1.0,N,137,79,2,5.0,3.0,0.5,0.0,0.0,0.3,8.8,2.5
2,2022-01-01 00:19:10,2022-01-01 00:50:12,2.0,20.35,1.0,N,132,18,2,54.5,0.5,0.5,0.0,6.55,0.3,63.6,0.0
2,2022-01-01 00:03:55,2022-01-01 00:14:04,1.0,2.86,1.0,N,161,238,1,11.0,0.5,0.5,2.96,0.0,0.3,17.76,2.5
2,2022-01-01 00:15:12,2022-01-01 00:26:47,1.0,4.73,1.0,N,238,244,2,15.0,0.5,0.5,0.0,0.0,0.3,18.8,2.5
2,2022-01-01 00:33:45,2022-01-01 00:45:14,1.0,2.25,1.0,N,116,166,2,10.5,0.5,0.5,0.0,0.0,0.3,11.8,0.0
2,2022-01-01 00:50:13,2022-01-01 00:56:55,1.0,1.2,1.0,N,24,41,2,6.5,0.5,0.5,0.0,0.0,0.3,7.8,0.0
2,2022-01-01 00:20:10,2022-01-01 00:36:39,4.0,2.06,1.0,N,43,164,1,12.0,0.5,0.5,3.16,0.0,0.3,18.96,2.5
2,2022-01-01 00:43:55,2022-01-01 00:51:59,2.0,1.3,1.0,N,170,229,1,7.5,0.5,0.5,1.7,0.0,0.3,13.0,2.5
1,2022-01-01 00:21:48,2022-01-01 00:38:35,1.0,8.1,1.0,N,231,157,2,25.0,3.0,0.5,0.0,0.0,0.3,28.8,2.5
1,2022-01-01 00:52:21,2022-01-01 01:04:39,1.0,6.0,1.0,N,65,226,2,18.5,0.5,0.5,0.0,0.0,0.3,19.8,0.0
2,2022-01-01 00:21:31,2022-01-01 00:30:03,2.0,2.04,1.0,N,148,90,1,8.5,0.5,0.5,2.46,0.0,0.3,14.76,2.5
2,2022-01-01 00:36:17,2022-01-01 00:41:48,2.0,1.3,1.0,N,249,90,1,6.0,0.5,0.5,0.0,0.0,0.3,9.8,2.5
2,2022-01-01 00:46:14,2022-01-01 01:10:23,2.0,5.79,1.0,N,249,141,2,20.0,0.5,0.5,0.0,0.0,0.3,23.8,2.5
2,2022-01-01 00:50:48,2022-01-01 01:07:52,1.0,5.38,1.0,N,188,255,1,18.5,0.5,0.5,3.96,0.0,0.3,23.76,0.0
2,2022-01-01 00:27:26,2022-01-01 00:41:38,2.0,4.95,1.0,N,45,161,2,16.5,0.5,0.5,0.0,0.0,0.3,20.3,2.5
2,2022-01-01 00:52:15,2022-01-01 01:01:16,1.0,1.92,1.0,N,87,114,1,9.0,0.5,0.5,2.56,0.0,0.3,15.36,2.5
1,2022-01-01 00:29:08,2022-01-01 00:34:45,1.0,0.9,1.0,N,42,168,2,6.0,0.5,0.5,0.0,0.0,0.3,7.3,0.0
1,2022-01-01 00:48:00,2022-01-01 00:52:50,1.0,1.4,1.0,N,263,141,1,6.0,3.0,0.5,1.95,0.0,0.3,11.75,2.5
1,2022-01-01 00:21:55,2022-01-01 00:26:37,2.0,0.7,1.0,N,158,68,1,4.5,3.0,0.5,0.0,0.0,0.3,8.3,2.5
1,2022-01-01 00:27:21,2022-01-01 00:36:40,2.0,1.3,1.0,N,68,50,1,7.5,3.0,0.5,1.0,0.0,0.3,12.3,2.5
1,2022-01-01 00:37:13,2022-01-01 00:44:46,1.0,1.9,1.0,N,50,90,1,7.5,3.0,0.5,20.0,0.0,0.3,31.3,2.5
1,2022-01-01 00:50:46,2022-01-01 00:57:22,1.0,0.9,1.0,N,234,164,2,6.0,3.0,0.5,0.0,0.0,0.3,9.8,2.5
2,2022-01-01 00:39:35,2022-01-01 01:08:16,2.0,6.74,1.0,N,68,189,1,24.5,0.5,0.5,7.08,0.0,0.3,35.38,2.5
1,2022-01-01 00:04:46,2022-01-01 00:17:13,1.0,3.9,1.0,N,161,7,1,14.0,3.0,0.5,4.45,0.0,0.3,22.25,2.5
1,2022-01-01 00:36:10,2022-01-01 00:49:06,2.0,4.1,1.0,N,141,7,1,13.5,3.0,0.5,3.45,0.0,0.3,20.75,2.5
2,2022-01-01 00:30:59,2022-01-01 00:41:18,2.0,4.63,1.0,N,48,166,1,15.0,0.5,0.5,1.0,0.0,0.3,19.8,2.5
2,2022-01-01 00:48:11,2022-01-01 01:06:45,2.0,5.37,1.0,N,151,107,2,17.5,0.5,0.5,0.0,0.0,0.3,21.3,2.5
2,2022-01-01 00:57:18,2022-01-01 01:03:01,4.0,0.59,1.0,N,137,170,1,5.5,0.5,0.5,2.0,0.0,0.3,11.3,2.5
2,2022-01-01 00:31:19,2022-01-01 00:43:05,2.0,1.69,1.0,N,234,79,1,9.5,0.5,0.5,2.66,0.0,0.3,15.96,2.5
1,2022-01-01 00:27:37,2022-01-01 00:59:17,0.0,9.0,1.0,N,142,17,1,30.0,3.0,0.5,6.75,0.0,0.3,40.55,2.5
2,2022-01-01 00:09:27,2022-01-01 00:25:26,1.0,5.96,1.0,N,141,129,1,18.5,0.5,0.5,3.0,0.0,0.3,25.3,2.5
2,2022-01-01 00:46:35,2022-01-01 00:53:15,1.0,2.14,1.0,N,232,256,1,8.5,0.5,0.5,2.46,0.0,0.3,14.76,2.5
2,2022-01-01 00:29:19,2022-01-01 00:37:19,2.0,1.92,1.0,N,142,236,1,8.0,0.5,0.5,1.77,0.0,0.3,13.57,2.5
2,2022-01-01 00:54:51,2022-01-01 01:02:39,2.0,1.01,1.0,N,79,144,1,7.0,0.5,0.5,1.0,0.0,0.3,11.8,2.5
2,2022-01-01 00:15:35,2022-01-01 00:34:00,1.0,3.64,1.0,N,90,13,1,14.5,0.5,0.5,3.66,0.0,0.3,21.96,2.5
2,2022-01-01 00:39:53,2022-01-01 01:06:55,1.0,6.19,1.0,N,13,249,1,23.0,0.5,0.5,0.0,0.0,0.3,26.8,2.5
2,2022-01-01 00:55:14,2022-01-01 01:11:18,1.0,4.58,1.0,N,161,24,1,16.0,0.5,0.5,3.96,0.0,0.3,23.76,2.5
2,2022-01-01 00:15:16,2022-01-01 00:21:15,1.0,2.1,1.0,N,162,236,2,8.0,0.5,0.5,0.0,0.0,0.3,11.8,2.5
2,2022-01-01 00:31:07,2022-01-01 00:38:01,1.0,1.15,1.0,N,43,263,1,7.0,0.5,0.5,0.0,0.0,0.3,10.8,2.5
2,2022-01-01 00:41:57,2022-01-01 01:04:47,1.0,4.24,1.0,N,43,246,1,18.0,0.5,0.5,4.36,0.0,0.3,26.16,2.5
2,2022-01-01 00:23:14,2022-01-01 00:41:16,2.0,4.65,1.0,N,239,113,1,17.0,0.5,0.5,3.12,0.0,0.3,23.92,2.5
2,2022-01-01 00:47:20,2022-01-01 01:10:22,2.0,4.9,1.0,N,113,181,1,19.5,0.5,0.5,5.83,0.0,0.3,29.13,2.5
1,2022-01-01 00:21:16,2022-01-01 00:32:14,3.0,2.3,1.0,N,237,262,1,10.0,3.0,0.5,1.5,0.0,0.3,15.3,2.5
1,2022-01-01 00:46:07,2022-01-01 00:56:31,1.0,1.9,1.0,N,237,170,1,9.5,3.0,0.5,3.3,0.0,0.3,16.6,2.5
1,2022-01-01 00:58:00,2022-01-01 01:01:12,2.0,0.6,1.0,N,170,137,1,4.5,3.0,0.5,1.0,0.0,0.3,9.3,2.5
1,2022-01-01 00:25:27,2022-01-01 00:32:34,2.0,1.7,1.0,N,170,79,1,7.5,3.0,0.5,2.25,0.0,0.3,13.55,2.5
1,2022-01-01 00:45:10,2022-01-01 00:58:29,2.0,2.4,1.0,N,170,141,1,11.5,3.0,0.5,4.55,0.0,0.3,19.85,2.5
2,2022-01-01 00:05:02,2022-01-01 00:20:14,2.0,4.14,1.0,N,239,42,2,15.0,0.5,0.5,0.0,0.0,0.3,18.8,2.5
2,2022-01-01 00:33:37,2022-01-01 00:42:04,2.0,2.11,1.0,N,43,236,1,9.0,0.5,0.5,3.2,0.0,0.3,16.0,2.5
2,2022-01-01 00:46:31,2022-01-01 01:02:10,1.0,3.5,1.0,N,237,234,2,14.5,0.5,0.5,0.0,0.0,0.3,18.3,2.5
1,2022-01-01 00:16:50,2022-01-01 00:50:07,2.0,5.2,1.0,N,142,144,1,23.0,3.0,0.5,6.7,0.0,0.3,33.5,2.5
2,2022-01-01 00:05:58,2022-01-01 00:15:28,1.0,2.57,1.0,N,263,170,1,10.0,0.5,0.5,2.07,0.0,0.3,15.87,2.5
2,2022-01-01 00:29:05,2022-01-01 00:42:15,1.0,3.25,1.0,N,249,33,2,12.5,0.5,0.5,0.0,0.0,0.3,16.3,2.5
2,2022-01-01 00:49:51,2022-01-01 01:00:14,1.0,2.18,1.0,N,33,106,2,10.0,0.5,0.5,0.0,0.0,0.3,11.3,0.0
2,2022-01-01 00:18:44,2022-01-01 00:23:44,1.0,1.5,1.0,N,237,236,2,6.5,0.5,0.5,0.0,0.0,0.3,10.3,2.5
2,2022-01-01 00:26:42,2022-01-01 00:32:16,1.0,1.49,1.0,N,236,141,1,7.0,0.5,0.5,3.0,0.0,0.3,13.8,2.5
2,2022-01-01 00:42:31,2022-01-01 01:05:24,1.0,4.72,1.0,N,236,144,1,18.0,0.5,0.5,4.36,0.0,0.3,26.16,2.5
2,2022-01-01 00:21:25,2022-01-01 00:29:57,1.0,1.57,1.0,N,238,141,2,8.0,0.5,0.5,0.0,0.0,0.3,11.8,2.5
2,2022-01-01 00:32:18,2022-01-01 00:37:01,1.0,1.02,1.0,N,140,141,2,5.5,0.5,0.5,0.0,0.0,0.3,9.3,2.5
2,2022-01-01 00:39:28,2022-01-01 00:39:47,1.0,0.0,5.0,N,141,140,1,10.0,0.0,0.0,2.56,0.0,0.3,15.36,2.5
2,2022-01-01 00:57:05,2022-01-01 01:03:33,1.0,1.1,1.0,N,163,140,2,6.5,0.5,0.5,0.0,0.0,0.3,10.3,2.5
2,2022-01-01 00:10:23,2022-01-01 00:30:47,3.0,2.27,1.0,N,43,164,1,14.0,0.5,0.5,3.56,0.0,0.3,21.36,2.5
2,2022-01-01 00:20:27,2022-01-01 00:35:41,1.0,1.81,1.0,N,161,140,2,11.5,0.5,0.5,0.0,0.0,0.3,15.3,2.5
2,2022-01-01 00:37:16,2022-01-01 00:44:34,1.0,1.13,1.0,N,140,237,1,7.0,0.5,0.5,2.7,0.0,0.3,13.5,2.5
2,2022-01-01 00:51:33,2022-01-01 00:58:37,1.0,1.39,1.0,N,162,164,1,7.5,0.5,0.5,2.26,0.0,0.3,13.56,2.5
1,2022-01-01 00:15:17,2022-01-01 00:39:01,1.0,6.4,1.0,N,88,112,1,22.5,3.0,0.5,5.25,0.0,0.3,31.55,2.5
1,2022-01-01 00:59:31,2022-01-01 01:00:08,2.0,0.0,1.0,N,148,148,4,2.5,3.0,0.5,0.0,0.0,0.3,6.3,2.5
2,2022-01-01 00:38:48,2022-01-01 00:39:01,1.0,0.0,5.0,N,142,142,1,150.0,0.0,0.0,0.0,0.0,0.3,152.8,2.5
2,2022-01-01 00:31:08,2022-01-01 00:45:49,1.0,2.64,1.0,N,233,158,1,11.5,0.5,0.5,3.06,0.0,0.3,18.36,2.5
2,2022-01-01 00:48:00,2022-01-01 00:59:34,1.0,1.98,1.0,N,158,48,1,9.5,0.5,0.5,2.66,0.0,0.3,15.96,2.5
2,2022-01-01 00:09:31,2022-01-01 00:34:54,1.0,6.94,1.0,N,90,41,1,25.0,0.5,0.5,3.0,0.0,0.3,31.8,2.5
2,2022-01-01 00:40:42,2022-01-01 01:03:27,1.0,4.17,1.0,N,41,161,2,18.0,0.5,0.5,0.0,0.0,0.3,21.8,2.5
2,2022-01-01 00:06:07,2022-01-01 00:27:19,1.0,4.09,1.0,N,113,236,1,16.5,0.5,0.5,4.06,0.0,0.3,24.36,2.5
2,2022-01-01 00:33:45,2022-01-01 00:40:20,1.0,0.8,1.0,N,236,262,2,6.0,0.5,0.5,0.0,0.0,0.3,9.8,2.5
2,2022-01-01 00:43:37,2022-01-01 00:50:04,1.0,1.66,1.0,N,262,229,1,7.5,0.5,0.5,2.26,0.0,0.3,13.56,2.5
2,2022-01-01 00:05:26,2022-01-01 00:30:36,1.0,3.84,1.0,N,68,141,1,17.5,0.5,0.5,4.26,0.0,0.3,25.56,2.5
1,2022-01-01 00:12:17,2022-01-01 00:16:54,1.0,0.9,1.0,Y,211,148,2,5.5,3.0,0.5,0.0,0.0,0.3,9.3,2.5
1,2022-01-01 00:23:07,2022-01-01 00:42:28,4.0,2.2,1.0,N,79,186,1,13.5,3.0,0.5,3.45,0.0,0.3,20.75,2.5
1,2022-01-01 00:45:06,2022-01-01 01:01:22,1.0,3.0,1.0,N,90,232,1,13.0,3.0,0.5,3.35,0.0,0.3,20.15,2.5
1,2022-01-01 00:23:51,2022-01-01 00:38:38,0.0,7.2,1.0,N,236,87,1,21.5,3.0,0.5,6.3,0.0,0.3,31.6,2.5
1,2022-01-01 00:40:59,2022-01-01 00:51:46,0.0,2.5,1.0,N,87,249,1,10.5,3.0,0.5,2.85,0.0,0.3,17.15,2.5
1,2022-01-01 00:54:42,2022-01-01 00:56:12,0.0,0.3,1.0,N,68,68,1,3.5,3.0,0.5,1.8,0.0,0.3,9.1,2.5
1,2022-01-01 00:57:44,2022-01-01 01:02:34,0.0,0.9,1.0,N,90,107,1,5.5,3.0,0.5,4.0,0.0,0.3,13.3,2.5
1,2022-01-01 00:22:11,2022-01-01 00:26:28,2.0,0.6,1.0,N,113,79,1,4.5,3.0,0.5,1.66,0.0,0.3,9.96,2.5
1,2022-01-01 00:48:00,2022-01-01 01:04:27,4.0,2.2,1.0,N,162,140,1,12.0,3.0,0.5,3.15,0.0,0.3,18.95,2.5
2,2022-01-01 00:08:27,2022-01-01 00:08:31,1.0,0.0,5.0,N,220,220,1,15.0,0.0,0.0,0.0,0.0,0.3,15.3,0.0
2,2022-01-01 00:35:45,2022-01-01 00:46:33,1.0,2.89,1.0,N,141,234,1,11.0,0.5,0.5,2.96,0.0,0.3,17.76,2.5
2,2022-01-01 00:58:59,2022-01-01 01:09:28,1.0,2.44,1.0,N,90,148,1,9.5,0.5,0.5,1.3,0.0,0.3,14.6,2.5
2,2022-01-01 00:29:50,2022-01-01 00:44:42,1.0,4.23,1.0,N,234,262,1,14.5,0.5,0.5,3.66,0.0,0.3,21.96,2.5
1,2022-01-01 00:31:21,2022-01-01 00:36:04,3.0,0.8,1.0,N,50,246,1,5.0,3.0,0.5,0.0,0.0,0.3,8.8,2.5
1,2022-01-01 00:57:55,2022-01-01 00:58:17,2.0,0.8,5.0,N,87,87,1,60.0,0.0,0.0,2.0,0.0,0.3,62.3,0.0
2,2022-01-01 00:08:27,2022-01-01 00:21:40,1.0,8.95,1.0,N,138,116,1,25.0,0.5,0.5,6.82,6.55,0.3,40.92,0.0
2,2022-01-01 00:31:06,2022-01-01 00:40:48,1.0,2.65,1.0,N,41,239,1,10.0,0.5,0.5,2.07,0.0,0.3,15.87,2.5
2,2022-01-01 00:42:33,2022-01-01 01:10:41,1.0,8.07,1.0,N,239,65,1,27.0,0.5,0.5,6.16,0.0,0.3,36.96,2.5
1,2022-01-01 00:17:18,2022-01-01 00:29:01,2.0,1.6,1.0,N,170,229,1,9.5,3.0,0.5,2.65,0.0,0.3,15.95,2.5
1,2022-01-01 00:43:58,2022-01-01 00:55:32,3.0,2.4,1.0,N,161,140,1,10.5,3.0,0.5,2.15,0.0,0.3,16.45,2.5
2,2022-01-01 00:08:38,2022-01-01 00:31:17,2.0,17.32,2.0,N,132,162,1,52.0,0.0,0.5,12.37,6.55,0.3,75.47,2.5
2,2022-01-01 00:34:10,2022-01-01 00:48:15,3.0,1.73,1.0,N,161,237,1,11.0,0.5,0.5,4.44,0.0,0.3,19.24,2.5
1,2022-01-01 00:29:27,2022-01-01 00:34:39,0.0,1.3,1.0,N,236,238,2,6.5,3.0,0.5,0.0,0.0,0.3,10.3,2.5
1,2022-01-01 00:35:43,2022-01-01 00:41:16,0.0,1.1,1.0,N,238,236,1,6.5,3.0,0.5,2.06,0.0,0.3,12.36,2.5
1,2022-01-01 00:45:12,2022-01-01 00:50:23,0.0,1.1,1.0,Y,236,263,1,6.0,3.0,0.5,1.95,0.0,0.3,11.75,2.5
1,2022-01-01 00:53:46,2022-01-01 00:59:19,0.0,1.3,1.0,N,263,229,1,6.5,3.0,0.5,2.0,0.0,0.3,12.3,2.5
2,2022-01-01 00:21:13,2022-01-01 00:41:33,3.0,4.49,1.0,N,234,238,1,17.0,0.5,0.5,5.2,0.0,0.3,26.0,2.5
2,2022-01-01 00:42:58,2022-01-01 00:54:16,1.0,2.26,1.0,N,238,140,1,10.0,0.5,0.5,4.14,0.0,0.3,17.94,2.5
2,2022-01-01 00:02:02,2022-01-01 00:12:14,1.0,2.11,1.0,N,238,74,2,9.5,0.5,0.5,0.0,0.0,0.3,13.3,2.5
2,2022-01-01 00:44:23,2022-01-01 00:59:49,1.0,3.83,1.0,N,146,82,2,14.0,0.5,0.5,0.0,0.0,0.3,15.3,0.0
2,2022-01-01 00:20:24,2022-01-01 00:24:37,1.0,0.78,1.0,N,68,68,2,5.0,0.5,0.5,0.0,0.0,0.3,8.8,2.5
2,2022-01-01 00:26:29,2022-01-01 00:33:39,1.0,1.23,1.0,N,246,68,2,7.0,0.5,0.5,0.0,0.0,0.3,10.8,2.5
2,2022-01-01 00:40:04,2022-01-01 00:53:08,1.0,2.57,1.0,N,249,87,1,11.0,0.5,0.5,3.7,0.0,0.3,18.5,2.5
2,2022-01-01 00:19:39,2022-01-01 00:42:38,1.0,9.56,1.0,N,264,181,1,28.0,0.5,0.5,6.36,0.0,0.3,38.16,2.5
2,2022-01-01 00:57:38,2022-01-01 01:10:40,1.0,5.03,1.0,N,264,25,1,16.5,0.5,0.5,4.06,0.0,0.3,24.36,2.5
1,2022-01-01 00:28:46,2022-01-01 00:43:09,1.0,2.5,1.0,N,113,229,2,11.5,3.0,0.5,0.0,0.0,0.3,15.3,2.5
1,2022-01-01 00:15:12,2022-01-01 00:33:19,1.0,3.7,1.0,N,239,90,1,15.0,3.0,0.5,2.0,0.0,0.3,20.8,2.5
1,2022-01-01 00:38:57,2022-01-01 00:56:04,1.0,2.8,1.0,N,249,170,1,13.0,3.0,0.5,3.35,0.0,0.3,20.15,2.5
1,2022-01-01 00:06:43,2022-01-01 00:14:50,2.0,1.5,1.0,Y,43,263,1,8.0,3.0,0.5,2.95,0.0,0.3,14.75,2.5
1,2022-01-01 00:17:18,2022-01-01 00:20:11,1.0,1.2,1.0,N,141,229,1,5.5,3.0,0.5,1.0,0.0,0.3,10.3,2.5
1,2022-01-01 00:32:38,2022-01-01 00:39:49,1.0,1.1,1.0,N,43,237,1,7.0,3.0,0.5,3.2,0.0,0.3,14.0,2.5
2,2022-01-01 00:16:55,2022-01-01 00:25:28,2.0,1.42,1.0,N,239,237,2,8.0,0.5,0.5,0.0,0.0,0.3,11.8,2.5
2,2022-01-01 00:37:06,2022-01-01 00:55:26,1.0,4.41,1.0,N,237,158,1,16.0,0.5,0.5,5.94,0.0,0.3,25.74,2.5
2,2022-01-01 00:03:51,2022-01-01 00:15:14,1.0,5.7,1.0,N,132,197,1,17.5,0.5,0.5,3.76,0.0,0.3,23.81,0.0
2,2022-01-01 00:25:10,2022-01-01 00:46:42,2.0,3.9,1.0,N,113,236,1,17.0,0.5,0.5,4.16,0.0,0.3,24.96,2.5
2,2022-01-01 00:48:56,2022-01-01 00:55:48,2.0,1.57,1.0,N,43,239,1,7.0,0.5,0.5,1.2,0.0,0.3,12.0,2.5
2,2022-01-01 00:57:39,2022-01-01 01:05:26,2.0,1.5,1.0,N,239,151,1,8.0,0.5,0.5,2.36,0.0,0.3,14.16,2.5
2,2022-01-01 00:19:10,2022-01-01 00:31:32,1.0,2.52,1.0,N,249,231,2,11.0,0.5,0.5,0.0,0.0,0.3,14.8,2.5
2,2022-01-01 00:40:50,2022-01-01 00:47:17,1.0,1.19,1.0,N,231,114,1,6.5,0.5,0.5,2.06,0.0,0.3,12.36,2.5
2,2022-01-01 00:48:45,2022-01-01 00:52:45,2.0,0.96,1.0,N,114,107,1,5.0,0.5,0.5,0.88,0.0,0.3,9.68,2.5
2,2022-01-01 00:57:39,2022-01-01 01:05:06,2.0,2.18,1.0,N,107,229,1,8.5,0.5,0.5,1.0,0.0,0.3,13.3,2.5
2,2022-01-01 00:28:51,2022-01-01 01:05:10,1.0,10.55,1.0,N,100,169,2,36.0,0.5,0.5,0.0,0.0,0.3,39.8,2.5
2,2022-01-01 00:30:58,2022-01-01 00:51:25,1.0,11.57,1.0,N,132,72,1,32.5,0.5,0.5,7.01,0.0,0.3,42.06,0.0
1,2022-01-01 00:23:34,2022-01-01 00:50:29,2.0,4.7,1.0,N,50,88,1,20.0,3.0,0.5,1.0,0.0,0.3,24.8,2.5
1,2022-01-01 00:58:07,2022-01-01 01:04:44,1.0,1.4,1.0,N,261,249,2,7.0,3.0,0.5,0.0,0.0,0.3,10.8,2.5
2,2022-01-01 00:07:59,2022-01-01 00:28:49,6.0,2.99,1.0,N,125,162,1,14.5,0.5,0.5,3.66,0.0,0.3,21.96,2.5
2,2022-01-01 00:41:35,2022-01-01 00:56:05,6.0,3.7,1.0,N,161,74,1,13.5,0.5,0.5,3.46,0.0,0.3,20.76,2.5
2,2022-01-01 01:01:24,2022-01-01 01:08:03,6.0,1.3,1.0,N,74,262,2,7.0,0.5,0.5,0.0,0.0,0.3,10.8,2.5
2,2022-01-01 00:53:45,2022-01-01 00:59:02,1.0,1.01,1.0,N,231,144,1,6.0,0.5,0.5,1.96,0.0,0.3,11.76,2.5
2,2022-01-01 00:07:53,2022-01-01 00:19:31,1.0,2.21,1.0,N,107,229,1,10.5,0.5,0.5,3.58,0.0,0.3,17.88,2.5
2,2022-01-01 00:39:03,2022-01-01 01:05:14,1.0,2.36,1.0,N,234,48,1,17.0,0.5,0.5,4.16,0.0,0.3,24.96,2.5
2,2022-01-01 00:25:07,2022-01-01 00:26:25,1.0,0.47,1.0,N,239,142,1,3.5,0.5,0.5,1.46,0.0,0.3,8.76,2.5
2,2022-01-01 00:41:41,2022-01-01 00:49:34,1.0,2.03,1.0,N,116,243,1,9.0,0.5,0.5,2.06,0.0,0.3,12.36,0.0
2,2022-01-01 00:31:57,2022-01-01 00:41:26,1.0,2.18,1.0,N,237,239,2,9.5,0.5,0.5,0.0,0.0,0.3,13.3,2.5
2,2022-01-01 00:55:01,2022-01-01 00:58:47,1.0,0.57,1.0,N,239,239,2,4.5,0.5,0.5,0.0,0.0,0.3,8.3,2.5
2,2022-01-01 00:19:00,2022-01-01 00:29:35,1.0,1.77,1.0,N,140,142,1,9.0,0.5,0.5,2.56,0.0,0.3,15.36,2.5
2,2022-01-01 00:33:02,2022-01-01 00:53:25,1.0,3.03,1.0,N,142,233,1,14.5,0.5,0.5,3.66,0.0,0.3,21.96,2.5
2,2022-01-01 00:41:27,2022-01-01 00:54:32,3.0,3.02,1.0,N,68,232,2,11.5,0.5,0.5,0.0,0.0,0.3,15.3,2.5
2,2022-01-01 00:56:18,2022-01-01 01:06:17,3.0,1.71,1.0,N,232,249,1,8.5,0.5,0.5,2.46,0.0,0.3,14.76,2.5
2,2022-01-01 00:16:40,2022-01-01 00:19:58,2.0,0.78,1.0,N,239,238,1,4.5,0.5,0.5,2.0,0.0,0.3,10.3,2.5
2,2022-01-01 00:24:38,2022-01-01 00:29:55,2.0,1.4,1.0,N,239,48,2,6.5,0.5,0.5,0.0,0.0,0.3,10.3,2.5
2,2022-01-01 00:31:25,2022-01-01 00:52:43,2.0,2.67,1.0,N,48,249,1,14.5,0.5,0.5,1.83,0.0,0.3,20.13,2.5
1,2022-01-01 00:04:28,2022-01-01 00:13:28,3.0,1.8,1.0,N,163,140,1,8.5,3.0,0.5,2.45,0.0,0.3,14.75,2.5
1,2022-01-01 00:26:24,2022-01-01 00:34:09,3.0,1.2,1.0,N,237,262,1,7.0,3.0,0.5,2.15,0.0,0.3,12.95,2.5
1,2022-01-01 00:35:54,2022-01-01 00:45:11,0.0,4.3,1.0,N,262,79,1,13.5,3.0,0.5,2.0,0.0,0.3,19.3,2.5
1,2022-01-01 00:51:46,2022-01-01 00:54:55,1.0,0.5,1.0,N,113,249,2,4.0,3.0,0.5,0.0,0.0,0.3,7.8,2.5
1,2022-01-01 00:57:30,2022-01-01 01:06:05,0.0,1.1,1.0,N,249,79,1,7.0,3.0,0.5,2.15,0.0,0.3,12.95,2.5
2,2022-01-01 00:18:40,2022-01-01 00:38:45,2.0,2.77,1.0,N,170,43,1,15.0,0.5,0.5,4.7,0.0,0.3,23.5,2.5
2,2022-01-01 00:39:41,2022-01-01 00:45:03,2.0,1.24,1.0,N,43,24,1,6.5,0.5,0.5,2.06,0.0,0.3,12.36,2.5
2,2022-01-01 00:53:08,2022-01-01 00:58:54,2.0,1.1,1.0,N,239,237,2,6.5,0.5,0.5,0.0,0.0,0.3,10.3,2.5
2,2022-01-01 01:01:52,2022-01-01 01:11:02,2.0,2.36,1.0,N,237,107,1,9.0,0.5,0.5,3.84,0.0,0.3,16.64,2.5
2,2022-01-01 00:15:46,2022-01-01 00:17:41,2.0,0.6,1.0,N,249,68,1,4.0,0.5,0.5,10.0,0.0,0.3,17.8,2.5
2,2022-01-01 00:20:26,2022-01-01 00:26:08,2.0,1.2,1.0,N,68,48,2,6.5,0.5,0.5,0.0,0.0,0.3,10.3,2.5
2,2022-01-01 00:31:56,2022-01-01 00:48:56,2.0,3.54,1.0,N,246,148,1,14.0,0.5,0.5,3.56,0.0,0.3,21.36,2.5
2,2022-01-01 00:51:19,2022-01-01 00:52:45,3.0,0.34,1.0,N,148,144,1,3.0,0.5,0.5,1.36,0.0,0.3,8.16,2.5
2,2022-01-01 00:31:20,2022-01-01 00:36:03,3.0,1.05,1.0,N,237,140,1,5.5,0.5,0.5,2.79,0.0,0.3,12.09,2.5
2,2022-01-01 00:45:19,2022-01-01 01:05:54,2.0,4.64,1.0,N,237,87,2,17.0,0.5,0.5,0.0,0.0,0.3,20.8,2.5
2,2022-01-01 00:09:28,2022-01-01 00:27:13,1.0,4.79,1.0,N,161,42,2,16.5,0.5,0.5,0.0,0.0,0.3,20.3,2.5
2,2022-01-01 00:00:46,2022-01-01 00:28:44,3.0,19.55,1.0,N,132,33,1,52.5,0.5,0.5,8.26,0.0,0.3,63.31,0.0
2,2022-01-01 00:35:58,2022-01-01 00:48:28,3.0,3.68,1.0,N,65,255,1,14.0,0.5,0.5,3.82,0.0,0.3,19.12,0.0
2,2022-01-01 00:18:43,2022-01-01 00:35:56,1.0,1.2,1.0,N,237,229,1,11.5,0.5,0.5,3.82,0.0,0.3,19.12,2.5
1,2022-01-01 00:19:55,2022-01-01 00:40:06,1.0,10.7,1.0,N,132,35,2,30.0,0.5,0.5,0.0,0.0,0.3,31.3,0.0
2,2022-01-01 00:41:56,2022-01-01 00:58:16,1.0,8.72,1.0,N,138,49,1,25.5,0.5,0.5,5.61,0.0,0.3,33.66,0.0
2,2022-01-01 00:14:26,2022-01-01 00:34:22,1.0,3.43,1.0,N,90,141,1,15.5,0.5,0.5,3.86,0.0,0.3,23.16,2.5
2,2022-01-01 00:40:21,2022-01-01 00:46:24,1.0,0.9,1.0,N,237,263,1,6.0,0.5,0.5,2.18,0.0,0.3,11.98,2.5
2,2022-01-01 00:51:14,2022-01-01 01:02:45,1.0,2.22,1.0,N,236,141,1,10.5,0.5,0.5,3.58,0.0,0.3,17.88,2.5
2,2022-01-01 00:26:39,2022-01-01 00:29:13,2.0,1.13,1.0,N,263,75,2,5.0,0.5,0.5,0.0,0.0,0.3,8.8,2.5
2,2022-01-01 00:30:38,2022-01-01 00:35:55,3.0,0.88,1.0,N,75,75,1,5.5,0.5,0.5,0.0,0.0,0.3,6.8,0.0
2,2022-01-01 00:43:39,2022-01-01 00:50:39,2.0,2.21,1.0,N,263,233,2,8.5,0.5,0.5,0.0,0.0,0.3,12.3,2.5
2,2022-01-01 00:15:35,2022-01-01 00:24:11,1.0,1.37,1.0,N,162,170,1,7.5,0.5,0.5,2.26,0.0,0.3,13.56,2.5
2,2022-01-01 00:19:45,2022-01-01 00:38:37,1.0,2.61,1.0,N,50,170,1,14.0,0.5,0.5,1.0,0.0,0.3,18.8,2.5
2,2022-01-01 00:55:56,2022-01-01 01:17:11,1.0,9.03,1.0,N,170,243,2,28.0,0.5,0.5,0.0,0.0,0.3,31.8,2.5
2,2022-01-01 00:15:34,2022-01-01 01:29:42,6.0,16.21,1.0,N,161,134,1,60.5,0.5,0.5,14.17,6.55,0.3,85.02,2.5
2,2022-01-01 00:14:27,2022-01-01 00:34:43,1.0,3.29,1.0,N,246,161,1,14.5,0.5,0.5,1.0,0.0,0.3,19.3,2.5
2,2022-01-01 00:59:38,2022-01-01 01:06:35,1.0,1.3,1.0,N,234,233,2,6.5,0.5,0.5,0.0,0.0,0.3,10.3,2.5
2,2022-01-01 00:13:12,2022-01-01 00:18:02,2.0,0.71,1.0,N,231,87,1,5.0,0.5,0.5,1.76,0.0,0.3,10.56,2.5
2,2022-01-01 00:28:19,2022-01-01 00:45:29,2.0,8.6,1.0,N,209,74,1,25.5,0.5,0.5,5.86,0.0,0.3,35.16,2.5
2,2022-01-01 00:53:34,2022-01-01 00:55:13,1.0,0.64,1.0,N,263,263,1,4.0,0.5,0.5,1.56,0.0,0.3,9.36,2.5
1,2022-01-01 00:01:37,2022-01-01 00:16:29,2.0,5.3,1.0,N,141,114,1,18.0,3.0,0.5,1.0,0.0,0.3,22.8,2.5
1,2022-01-01 00:20:02,2022-01-01 00:27:25,2.0,1.4,1.0,N,144,137,1,7.0,3.0,0.5,2.15,0.0,0.3,12.95,2.5
1,2022-01-01 00:45:32,2022-01-01 00:58:42,2.0,2.4,1.0,N,148,170,1,11.0,3.0,0.5,2.95,0.0,0.3,17.75,2.5
1,2022-01-01 00:03:20,2022-01-01 00:11:49,2.0,1.8,1.0,N,249,107,2,8.0,3.0,0.5,0.0,0.0,0.3,11.8,2.5
1,2022-01-01 00:14:00,2022-01-01 00:31:55,1.0,5.1,1.0,N,107,238,2,17.5,3.0,0.5,0.0,0.0,0.3,21.3,2.5
1,2022-01-01 00:36:43,2022-01-01 00:44:30,1.0,1.7,1.0,N,239,48,2,8.0,3.0,0.5,0.0,0.0,0.3,11.8,2.5
1,2022-01-01 00:47:56,2022-01-01 01:27:16,3.0,10.4,1.0,N,50,177,2,34.5,3.0,0.5,0.0,0.0,0.3,38.3,2.5
2,2022-01-01 00:20:55,2022-01-01 00:29:37,1.0,1.7,1.0,N,114,68,1,8.0,0.5,0.5,2.36,0.0,0.3,14.16,2.5
2,2022-01-01 00:31:20,2022-01-01 00:38:14,1.0,1.44,1.0,N,68,158,1,7.0,0.5,0.5,2.7,0.0,0.3,13.5,2.5
2,2022-01-01 00:40:57,2022-01-01 00:54:25,1.0,2.59,1.0,N,249,50,1,11.0,0.5,0.5,1.0,0.0,0.3,15.8,2.5
2,2022-01-01 00:20:10,2022-01-01 00:32:39,1.0,3.53,1.0,N,87,79,1,13.5,0.5,0.5,1.0,0.0,0.3,18.3,2.5
2,2022-01-01 00:42:12,2022-01-01 00:55:39,1.0,2.06,1.0,N,249,4,1,11.0,0.5,0.5,2.96,0.0,0.3,17.76,2.5
2,2022-01-01 00:58:40,2022-01-01 01:03:02,1.0,1.02,1.0,N,79,249,1,5.5,0.5,0.5,1.86,0.0,0.3,11.16,2.5
1,2022-01-01 00:39:28,2022-01-01 00:57:50,4.0,5.7,1.0,N,162,87,1,19.5,3.0,0.5,0.05,0.0,0.3,23.35,2.5
1,2022-01-01 00:17:35,2022-01-01 00:27:43,4.0,3.2,1.0,N,164,79,1,12.0,3.0,0.5,5.0,0.0,0.3,20.8,2.5
1,2022-01-01 00:35:37,2022-01-01 01:05:53,3.0,8.1,1.0,N,137,160,1,27.5,3.0,0.5,11.35,6.55,0.3,49.2,2.5
2,2022-01-01 00:26:51,2022-01-01 00:39:02,2.0,2.34,1.0,N,161,262,1,11.0,0.5,0.5,2.96,0.0,0.3,17.76,2.5
2,2022-01-01 00:55:37,2022-01-01 01:21:32,1.0,3.13,1.0,N,163,158,1,17.5,0.5,0.5,4.26,0.0,0.3,25.56,2.5
1,2022-01-01 00:39:08,2022-01-01 01:03:17,1.0,9.8,1.0,Y,138,225,1,30.0,1.75,0.5,8.1,0.0,0.3,40.65,0.0
1,2022-01-01 00:19:22,2022-01-01 00:30:38,2.0,1.9,1.0,N,236,161,2,10.0,3.0,0.5,0.0,0.0,0.3,13.8,2.5
1,2022-01-01 00:34:33,2022-01-01 00:46:18,2.0,0.2,1.0,N,237,43,4,8.0,3.0,0.5,0.0,0.0,0.3,11.8,2.5
1,2022-01-01 00:49:09,2022-01-01 00:54:01,4.0,1.0,1.0,N,163,162,2,5.5,3.0,0.5,0.0,0.0,0.3,9.3,2.5
2,2022-01-01 00:38:34,2022-01-01 00:49:49,1.0,2.42,1.0,N,249,233,1,10.5,0.5,0.5,3.58,0.0,0.3,17.88,2.5
2,2022-01-01 00:59:29,2022-01-01 01:14:13,2.0,1.82,1.0,N,79,186,1,11.0,0.5,0.5,1.0,0.0,0.3,15.8,2.5
2,2022-01-01 00:34:15,2022-01-01 00:36:59,1.0,0.84,1.0,N,75,151,1,4.5,0.5,0.5,1.45,0.0,0.3,7.25,0.0
2,2022-01-01 00:42:44,2022-01-01 01:04:18,1.0,5.49,1.0,N,41,68,2,19.0,0.5,0.5,0.0,0.0,0.3,22.8,2.5
2,2022-01-01 00:28:25,2022-01-01 00:38:00,1.0,1.93,1.0,N,68,113,1,9.0,0.5,0.5,2.56,0.0,0.3,15.36,2.5
2,2022-01-01 00:40:54,2022-01-01 00:50:08,1.0,1.8,1.0,N,234,246,1,8.5,0.5,0.5,2.46,0.0,0.3,14.76,2.5
1,2022-01-01 00:22:22,2022-01-01 00:34:32,2.0,2.9,1.0,N,43,233,1,11.5,3.0,0.5,3.05,0.0,0.3,18.35,2.5
2,2022-01-01 00:22:04,2022-01-01 00:37:00,5.0,3.15,1.0,N,231,48,2,13.0,0.5,0.5,0.0,0.0,0.3,16.8,2.5
2,2022-01-01 00:39:52,2022-01-01 00:47:30,5.0,1.39,1.0,N,50,142,1,7.5,0.5,0.5,2.26,0.0,0.3,13.56,2.5
2,2022-01-01 00:50:28,2022-01-01 00:52:08,6.0,0.55,1.0,N,142,142,2,4.0,0.5,0.5,0.0,0.0,0.3,7.8,2.5
2,2022-01-01 00:54:12,2022-01-01 01:04:21,5.0,1.99,1.0,N,239,263,1,9.5,0.5,0.5,3.32,0.0,0.3,16.62,2.5
2,2022-01-01 00:10:40,2022-01-01 00:19:00,1.0,2.0,1.0,N,42,244,1,8.5,0.5,0.5,1.96,0.0,0.3,11.76,0.0
2,2022-01-01 00:27:18,2022-01-01 00:40:50,1.0,5.14,1.0,N,152,48,4,-17.0,-0.5,-0.5,0.0,0.0,-0.3,-20.8,-2.5